"Data Provider","The Paleobiology Database"
"Data Source","The Paleobiology Database"
"Data License","Creative Commons CC0"
"License URL","https://creativecommons.org/publicdomain/zero/1.0/"
"Documentation URL","http://paleobiodb.org/data1.2/occs/list_doc.html"
"Data URL","http://paleobiodb.org/data1.2/occs/list.csv?datainfo&rowcount&base_name=Syringostromatida"
"Access Time","Fri 2026-01-02 02:57:50 GMT"
"Title","PBDB Data Service"
"Parameters:"
"","base_name","Syringostromatida"
"","timerule","major"
"","taxon_status","all"
"Elapsed Time","0.0219"
"Records Found","616"
"Records Returned","616"
"Records:"
"occurrence_no","record_type","reid_no","flags","collection_no","identified_name","identified_rank","identified_no","difference","accepted_name","accepted_rank","accepted_no","early_interval","late_interval","max_ma","min_ma","reference_no"
"6459","occ","","","473","Parallelopora sp.","genus","3409","","Parallelopora","genus","3409","Wenlock","","432.9","426.7","61273"
"7366","occ","","","513","Syringostroma sp.","genus","3449","","Syringostroma","genus","3449","Llandovery","","443.1","432.9","6608"
"10996","occ","","","629","Stachyodes sp.","genus","3436","","Stachyodes","genus","3436","Frasnian","","382.31","372.15","60949"
"11399","occ","","","657","Stachyodes sp.","genus","3436","","Stachyodes","genus","3436","Frasnian","","382.31","372.15","60949"
"42943","occ","","","3384","Stachyodes sp.","genus","3436","","Stachyodes","genus","3436","Early Famennian","","372.15","368.5","191"
"42945","occ","","","3384","Syringostroma vesiculosum","genus","3449","species not entered","Syringostroma","genus","3449","Early Famennian","","372.15","368.5","191"
"42978","occ","","","3387","Stachyodes sp.","genus","3436","","Stachyodes","genus","3436","Early Famennian","","372.15","368.5","191"
"45115","occ","","","3559","Parallelostroma sp.","genus","3410","","Parallelostroma","genus","3410","Pragian","","413.02","410.62","207"
"45643","occ","","","3630","Atopostroma <sp. 1>","genus","3350","","Atopostroma","genus","3350","Lochkovian","","419.62","413.02","220"
"45645","occ","","","3630","Coenostroma sp.","genus","3362","","Coenostroma","genus","3362","Lochkovian","","419.62","413.02","220"
"45646","occ","","","3630","Habrostroma centrotum","species","208200","","Habrostroma centrotum","species","208200","Lochkovian","","419.62","413.02","220"
"45652","occ","","","3631","Habrostroma centrotum","species","208200","","Habrostroma centrotum","species","208200","Pragian","","413.02","410.62","220"
"45653","occ","","","3631","Habrostroma cf. centrotum","species","208200","","Habrostroma centrotum","species","208200","Pragian","","413.02","410.62","220"
"45654","occ","","","3631","Habrostroma microporum","genus","3385","species not entered","Habrostroma","genus","3385","Pragian","","413.02","410.62","220"
"45655","occ","","","3631","Coenostroma cf. monticuliferum","species","463865","","Coenostroma monticuliferum","species","463864","Pragian","","413.02","410.62","220"
"45656","occ","","","3631","Atopostroma <sp. 2>","genus","3350","","Atopostroma","genus","3350","Pragian","","413.02","410.62","220"
"45747","occ","","","3636","Stachyodes costulata","species","424980","","Stachyodes costulata","species","424980","Middle Givetian","","385.9","383.4","219"
"45748","occ","","","3636","Stachyodes thomasclarki","species","463868","","Stachyodes thomasclarki","species","463868","Middle Givetian","","385.9","383.4","219"
"45749","occ","","","3636","Parallelopora cf. paucicaniculata","genus","3409","species not entered","Parallelopora","genus","3409","Middle Givetian","","385.9","383.4","219"
"45750","occ","","","3636","Coenostroma cf. monticuliferum","species","463865","","Coenostroma monticuliferum","species","463864","Middle Givetian","","385.9","383.4","219"
"46808","occ","","","3752","Stachyodes sp.","genus","3436","","Stachyodes","genus","3436","Frasnian","","382.31","372.15","191"
"46810","occ","","","3752","Syringostroma vesiculosum","genus","3449","species not entered","Syringostroma","genus","3449","Frasnian","","382.31","372.15","191"
"46842","occ","","","3756","Stachyodes sp.","genus","3436","","Stachyodes","genus","3436","Frasnian","","382.31","372.15","191"
"47789","occ","","","3845","Syringostroma probicrenulatum","genus","3449","species not entered","Syringostroma","genus","3449","Eifelian","","393.47","387.95","257"
"47790","occ","","","3845","Syringostroma sherzeri","genus","3449","species not entered","Syringostroma","genus","3449","Eifelian","","393.47","387.95","257"
"47791","occ","","","3845","Syringostroma cylindricum","genus","3449","species not entered","Syringostroma","genus","3449","Eifelian","","393.47","387.95","257"
"47792","occ","","","3845","Syringostroma ambiguum","genus","3449","species not entered","Syringostroma","genus","3449","Eifelian","","393.47","387.95","257"
"47892","occ","","","3846","Syringostroma probicrenulatum","genus","3449","species not entered","Syringostroma","genus","3449","Eifelian","","393.47","387.95","257"
"47955","occ","","","3851","Syringostroma sherzeri","genus","3449","species not entered","Syringostroma","genus","3449","Eifelian","","393.47","387.95","257"
"47956","occ","","","3852","Syringostroma cylindricum","genus","3449","species not entered","Syringostroma","genus","3449","Eifelian","","393.47","387.95","257"
"67870","occ","","","4815","Parallelostroma kwangsiense","genus","3410","species not entered","Parallelostroma","genus","3410","Late Emsian","","399.5","393.47","274"
"67871","occ","","","4815","Atopostroma tuntoulense","genus","3350","species not entered","Atopostroma","genus","3350","Late Emsian","","399.5","393.47","274"
"86073","occ","","","6262","? Syringostroma confertum","genus","3449","species not entered","Syringostroma","genus","3449","Frasnian","","382.31","372.15","397"
"86084","occ","","","6264","? Syringostroma confertum","genus","3449","species not entered","Syringostroma","genus","3449","Frasnian","","382.31","372.15","397"
"86085","occ","","","6264","Stachyodes costulata","species","424980","","Stachyodes costulata","species","424980","Frasnian","","382.31","372.15","397"
"86087","occ","","","6265","? Syringostroma confertum","genus","3449","species not entered","Syringostroma","genus","3449","Frasnian","","382.31","372.15","397"
"94845","occ","","","7117","Stachyodes sp.","genus","3436","","Stachyodes","genus","3436","Frasnian","","382.31","372.15","443"
"94848","occ","","","7117","Syringostroma sp.","genus","3449","","Syringostroma","genus","3449","Frasnian","","382.31","372.15","443"
"119712","occ","","","9317","Habrostroma centrotum","species","208200","","Habrostroma centrotum","species","208200","Lochkovian","","419.62","413.02","804"
"119713","occ","","","9317","Habrostroma microporum","genus","3385","species not entered","Habrostroma","genus","3385","Lochkovian","","419.62","413.02","804"
"119714","occ","","","9318","Habrostroma microporum","genus","3385","species not entered","Habrostroma","genus","3385","Lochkovian","","419.62","413.02","804"
"119715","occ","","","9318","? Parallelostroma sp.","genus","3410","","Parallelostroma","genus","3410","Lochkovian","","419.62","413.02","804"
"119719","occ","","","9319","Habrostroma centrotum","species","208200","","Habrostroma centrotum","species","208200","Lochkovian","","419.62","413.02","804"
"119720","occ","","","9319","Habrostroma microporum","genus","3385","species not entered","Habrostroma","genus","3385","Lochkovian","","419.62","413.02","804"
"119721","occ","","","9320","Habrostroma centrotum","species","208200","","Habrostroma centrotum","species","208200","Lochkovian","","419.62","413.02","804"
"119722","occ","","","9320","Habrostroma microporum","genus","3385","species not entered","Habrostroma","genus","3385","Lochkovian","","419.62","413.02","804"
"119723","occ","","","9321","Habrostroma centrotum","species","208200","","Habrostroma centrotum","species","208200","Lochkovian","","419.62","413.02","804"
"119724","occ","","","9321","Habrostroma microporum","genus","3385","species not entered","Habrostroma","genus","3385","Lochkovian","","419.62","413.02","804"
"119725","occ","","","9322","Habrostroma microporum","genus","3385","species not entered","Habrostroma","genus","3385","Lochkovian","","419.62","413.02","804"
"119726","occ","","","9323","Habrostroma microporum","genus","3385","species not entered","Habrostroma","genus","3385","Lochkovian","","419.62","413.02","804"
"119727","occ","","","9324","Habrostroma centrotum","species","208200","","Habrostroma centrotum","species","208200","Lochkovian","","419.62","413.02","804"
"119728","occ","","","9324","Habrostroma cf. centrotum","species","208200","","Habrostroma centrotum","species","208200","Lochkovian","","419.62","413.02","804"
"119729","occ","","","9324","Habrostroma microporum","genus","3385","species not entered","Habrostroma","genus","3385","Lochkovian","","419.62","413.02","804"
"119730","occ","","","9325","Habrostroma microporum","genus","3385","species not entered","Habrostroma","genus","3385","Lochkovian","","419.62","413.02","804"
"119731","occ","","","9326","Habrostroma microporum","genus","3385","species not entered","Habrostroma","genus","3385","Lochkovian","","419.62","413.02","804"
"119732","occ","","","9327","Habrostroma centrotum","species","208200","","Habrostroma centrotum","species","208200","Lochkovian","","419.62","413.02","804"
"119733","occ","","","9327","Habrostroma microporum","genus","3385","species not entered","Habrostroma","genus","3385","Lochkovian","","419.62","413.02","804"
"119734","occ","","","9328","Habrostroma centrotum","species","208200","","Habrostroma centrotum","species","208200","Lochkovian","","419.62","413.02","804"
"119735","occ","","","9329","Habrostroma centrotum","species","208200","","Habrostroma centrotum","species","208200","Lochkovian","","419.62","413.02","804"
"119736","occ","","","9329","Habrostroma microporum","genus","3385","species not entered","Habrostroma","genus","3385","Lochkovian","","419.62","413.02","804"
"119737","occ","","","9330","Habrostroma microporum","genus","3385","species not entered","Habrostroma","genus","3385","Lochkovian","","419.62","413.02","804"
"119738","occ","","","9331","Habrostroma controtum","genus","3385","species not entered","Habrostroma","genus","3385","Lochkovian","","419.62","413.02","804"
"119739","occ","","","9331","Habrostroma microporum","genus","3385","species not entered","Habrostroma","genus","3385","Lochkovian","","419.62","413.02","804"
"119740","occ","","","9332","Habrostroma microporum","genus","3385","species not entered","Habrostroma","genus","3385","Lochkovian","","419.62","413.02","804"
"119741","occ","","","9333","Habrostroma microporum","genus","3385","species not entered","Habrostroma","genus","3385","Lochkovian","","419.62","413.02","804"
"119742","occ","","","9334","Habrostroma centrotum","species","208200","","Habrostroma centrotum","species","208200","Lochkovian","","419.62","413.02","804"
"119743","occ","","","9334","Habrostroma microporum","genus","3385","species not entered","Habrostroma","genus","3385","Lochkovian","","419.62","413.02","804"
"119745","occ","","","9335","Habrostroma centrotum","species","208200","","Habrostroma centrotum","species","208200","Lochkovian","","419.62","413.02","804"
"119746","occ","","","9336","Habrostroma centrotum","species","208200","","Habrostroma centrotum","species","208200","Lochkovian","","419.62","413.02","804"
"119747","occ","","","9336","Habrostroma microporum","genus","3385","species not entered","Habrostroma","genus","3385","Lochkovian","","419.62","413.02","804"
"119748","occ","","","9337","Habrostroma centrotum","species","208200","","Habrostroma centrotum","species","208200","Lochkovian","","419.62","413.02","804"
"119749","occ","","","9338","Habrostroma centrotum","species","208200","","Habrostroma centrotum","species","208200","Lochkovian","","419.62","413.02","804"
"119751","occ","","","9339","Habrostroma centrotum","species","208200","","Habrostroma centrotum","species","208200","Lochkovian","","419.62","413.02","804"
"119752","occ","","","9340","Habrostroma centrotum","species","208200","","Habrostroma centrotum","species","208200","Lochkovian","","419.62","413.02","804"
"119753","occ","","","9341","Habrostroma centrotum","species","208200","","Habrostroma centrotum","species","208200","Lochkovian","","419.62","413.02","804"
"119754","occ","","","9341","Habrostroma microporum","genus","3385","species not entered","Habrostroma","genus","3385","Lochkovian","","419.62","413.02","804"
"119755","occ","","","9342","Habrostroma microporum","genus","3385","species not entered","Habrostroma","genus","3385","Lochkovian","","419.62","413.02","804"
"119757","occ","","","9343","Habrostroma centrotum","species","208200","","Habrostroma centrotum","species","208200","Lochkovian","","419.62","413.02","804"
"119758","occ","","","9344","Habrostroma centrotum","species","208200","","Habrostroma centrotum","species","208200","Lochkovian","","419.62","413.02","804"
"119759","occ","","","9344","Habrostroma microporum","genus","3385","species not entered","Habrostroma","genus","3385","Lochkovian","","419.62","413.02","804"
"119760","occ","","","9345","Habrostroma microporum","genus","3385","species not entered","Habrostroma","genus","3385","Lochkovian","","419.62","413.02","804"
"119761","occ","","","9346","Habrostroma microporum","genus","3385","species not entered","Habrostroma","genus","3385","Lochkovian","","419.62","413.02","804"
"119762","occ","","","9347","Habrostroma microporum","genus","3385","species not entered","Habrostroma","genus","3385","Lochkovian","","419.62","413.02","804"
"119763","occ","","","9348","Habrostroma microporum","genus","3385","species not entered","Habrostroma","genus","3385","Lochkovian","","419.62","413.02","804"
"119764","occ","","","9349","Habrostroma microporum","genus","3385","species not entered","Habrostroma","genus","3385","Lochkovian","","419.62","413.02","804"
"125022","occ","","","10122","Parallelopora lilydalensis","genus","3409","species not entered","Parallelopora","genus","3409","Pragian","Early Emsian","413.02","399.5","458"
"125130","occ","","","10135","Parallelopora lilydalensis","genus","3409","species not entered","Parallelopora","genus","3409","Pragian","Early Emsian","413.02","399.5","458"
"125147","occ","","","10136","Parallelopora lilydalensis","genus","3409","species not entered","Parallelopora","genus","3409","Pragian","Early Emsian","413.02","399.5","458"
"153580","occ","","","13620","Syringostroma sp.","genus","3449","","Syringostroma","genus","3449","Ludfordian","","425","422.7","6128"
"155941","occ","","","13873","Parallelostroma ex gr. gukovense","genus","3410","species not entered","Parallelostroma","genus","3410","Pridoli","","422.7","419.62","6163"
"155984","occ","","","13873","Parallelostroma ex gr. malinovzyensis","genus","3410","species not entered","Parallelostroma","genus","3410","Pridoli","","422.7","419.62","6163"
"155989","occ","","","13874","Parallelostroma gukovensis","genus","3410","species not entered","Parallelostroma","genus","3410","Pridoli","","422.7","419.62","6163"
"157550","occ","","","13959","Parallelostroma multiplexum","genus","3410","species not entered","Parallelostroma","genus","3410","Lochkovian","","419.62","413.02","6176"
"157573","occ","","","13959","Parallelostroma scabrum","genus","3410","species not entered","Parallelostroma","genus","3410","Lochkovian","","419.62","413.02","6176"
"157630","occ","","","13965","Parallelostroma multiplexum","genus","3410","species not entered","Parallelostroma","genus","3410","Lochkovian","","419.62","413.02","6176"
"157631","occ","","","13965","Parallelostroma scabrum","genus","3410","species not entered","Parallelostroma","genus","3410","Lochkovian","","419.62","413.02","6176"
"157645","occ","","","13966","Parallelostroma multiplexum","genus","3410","species not entered","Parallelostroma","genus","3410","Lochkovian","","419.62","413.02","6176"
"157646","occ","","","13966","Parallelostroma scabrum","genus","3410","species not entered","Parallelostroma","genus","3410","Lochkovian","","419.62","413.02","6176"
"161580","occ","","","14256","Syringostroma sp.","genus","3449","","Syringostroma","genus","3449","Early Emsian","","410.62","399.5","6304"
"210287","occ","","","23245","Stachyodes sp.","genus","3436","","Stachyodes","genus","3436","Middle Frasnian","","379","375.2","6682"
"229679","occ","","","23356","Parallelostroma lamellosum","genus","3410","species not entered","Parallelostroma","genus","3410","Ludlow","","426.7","422.7","6695"
"229993","occ","","","23372","Columnostroma typicum","genus","3364","species not entered","Columnostroma","genus","3364","Ludlow","","426.7","422.7","6695"
"230819","occ","","","23427","Parallelostroma lamellosum","genus","3410","species not entered","Parallelostroma","genus","3410","Ludlow","Pridoli","426.7","419.62","6695"
"231345","occ","","","23468","Parallelostroma wenjukowi","genus","3410","species not entered","Parallelostroma","genus","3410","Ludlow","","426.7","422.7","6695"
"231383","occ","","","23475","Parallelostroma malinovzyensis","genus","3410","species not entered","Parallelostroma","genus","3410","Ludlow","","426.7","422.7","6695"
"231456","occ","","","23480","Parallelostroma malynovzyensis","genus","3410","species not entered","Parallelostroma","genus","3410","Ludlow","","426.7","422.7","6695"
"231506","occ","","","23483","Parallelostroma tipicum","genus","3410","species not entered","Parallelostroma","genus","3410","Pridoli","","422.7","419.62","6695"
"231554","occ","","","23488","Parallelostroma multilaminatum","genus","3410","species not entered","Parallelostroma","genus","3410","Pridoli","Helderbergian","422.7","393.47","6695"
"231829","occ","","","23500","Parallelostroma tenellum","genus","3410","species not entered","Parallelostroma","genus","3410","Homerian","Gorstian","430.6","425","6713"
"235930","occ","","","23658","Parallelostroma sp.","genus","3410","","Parallelostroma","genus","3410","Ludlow","","426.7","422.7","6746"
"236028","occ","","","23662","Parallelostroma sp.","genus","3410","","Parallelostroma","genus","3410","Gorstian","","426.7","425","6746"
"237900","occ","","","23722","Parallelostroma tuberculatum","genus","3410","species not entered","Parallelostroma","genus","3410","Pridoli","","422.7","419.62","6753"
"237901","occ","","","23723","Columnostroma grandisculum","genus","3364","species not entered","Columnostroma","genus","3364","Lochkovian","","419.62","413.02","6753"
"237903","occ","","","23723","Parallelostroma multiplexum","genus","3410","species not entered","Parallelostroma","genus","3410","Lochkovian","","419.62","413.02","6753"
"237904","occ","","","23723","Parallelostroma scabrum","genus","3410","species not entered","Parallelostroma","genus","3410","Lochkovian","","419.62","413.02","6753"
"237905","occ","","","23723","Parallelostroma macilentum","genus","3410","species not entered","Parallelostroma","genus","3410","Lochkovian","","419.62","413.02","6753"
"237906","occ","","","23723","Columnostroma cognatum","genus","3364","species not entered","Columnostroma","genus","3364","Lochkovian","","419.62","413.02","6753"
"237927","occ","","","23725","Parallelostroma multiplexum","genus","3410","species not entered","Parallelostroma","genus","3410","Lochkovian","","419.62","413.02","6753"
"237928","occ","","","23725","Parallelostroma scabrum","genus","3410","species not entered","Parallelostroma","genus","3410","Lochkovian","","419.62","413.02","6753"
"244883","occ","","","24019","Stachyodes sp.","genus","3436","","Stachyodes","genus","3436","Early Emsian","","410.62","399.5","6795"
"247932","occ","","","24213","Stachyodes sp.","genus","3436","","Stachyodes","genus","3436","Eifelian","","393.47","387.95","6844"
"247946","occ","","","24211","Stachyodes sp.","genus","3436","","Stachyodes","genus","3436","Eifelian","","393.47","387.95","6844"
"254777","occ","","","24737","Parallelostroma sp.","genus","3410","","Parallelostroma","genus","3410","Lochkovian","Pragian","419.62","410.62","6753"
"254821","occ","","","24738","Parallelostroma multiplexum","genus","3410","species not entered","Parallelostroma","genus","3410","Lochkovian","","419.62","413.02","6753"
"254833","occ","","","24739","Parallelostroma sp.","genus","3410","","Parallelostroma","genus","3410","Lochkovian","","419.62","413.02","6753"
"254909","occ","","","24741","Parallelostroma multiplexum","genus","3410","species not entered","Parallelostroma","genus","3410","Lochkovian","","419.62","413.02","6753"
"254979","occ","","","24745","Parallelostroma sp.","genus","3410","","Parallelostroma","genus","3410","Pridoli","","422.7","419.62","6753"
"255010","occ","","","24747","Parallelostroma sp.","genus","3410","","Parallelostroma","genus","3410","Pridoli","","422.7","419.62","6753"
"261663","occ","","","25263","Stachyodes costulata","species","424980","","Stachyodes costulata","species","424980","Frasnian","","382.31","372.15","7082"
"261664","occ","","","25263","Stachyodes australe","genus","3436","species not entered","Stachyodes","genus","3436","Frasnian","","382.31","372.15","7082"
"262390","occ","","","25369","Stachyodes caespitosa","genus","3436","species not entered","Stachyodes","genus","3436","Early Givetian","","387.95","385.9","7100"
"262391","occ","","","25369","? Habrostroma paucicanaliculatum","genus","3385","species not entered","Habrostroma","genus","3385","Early Givetian","","387.95","385.9","7100"
"266738","occ","","","25642","Parallelostroma maestermyrense","genus","3410","species not entered","Parallelostroma","genus","3410","Gorstian","","426.7","425","7152"
"267421","occ","","","25688","Parallelostroma maestermyrense","genus","3410","species not entered","Parallelostroma","genus","3410","Gorstian","","426.7","425","7160"
"274285","occ","","","26245","Syringostroma capitatum","genus","3449","species not entered","Syringostroma","genus","3449","Pragian","Early Emsian","413.02","399.5","7264"
"274358","occ","","","26249","Syringostroma cf. consimile","species","319096","","Parallelostroma microporum","species","319092","Early Emsian","","410.62","399.5","7264"
"274507","occ","","","26256","Syringostroma cf. consimile","species","319096","","Parallelostroma microporum","species","319092","Early Emsian","","410.62","399.5","7265"
"292959","occ","","","27903","Parallelostroma typicum","genus","3410","species not entered","Parallelostroma","genus","3410","Ludlow","Pridoli","426.7","419.62","7624"
"292962","occ","","","27903","Parallelostroma maestermyrense","genus","3410","species not entered","Parallelostroma","genus","3410","Ludlow","Pridoli","426.7","419.62","7624"
"363168","occ","","","34406","Parallelostroma typicum","genus","3410","species not entered","Parallelostroma","genus","3410","Ludfordian","","425","422.7","9056"
"363175","occ","","","34407","Parallelostroma typicum","genus","3410","species not entered","Parallelostroma","genus","3410","Ludfordian","","425","422.7","9056"
"368167","occ","","","34830","Habrostroma laminosum","genus","3385","species not entered","Habrostroma","genus","3385","Early Givetian","","387.95","385.9","9306"
"368181","occ","","","34831","Habrostroma laminosum","genus","3385","species not entered","Habrostroma","genus","3385","Early Givetian","","387.95","385.9","9306"
"368489","occ","","","34871","Stachyodes sp.","genus","3436","","Stachyodes","genus","3436","Early Givetian","","387.95","385.9","9349"
"368806","occ","","","34891","Stachyodes sp.","genus","3436","","Stachyodes","genus","3436","Givetian","","387.95","382.31","9361"
"368809","occ","","","34891","Stachyodes radiata","species","424979","","Stachyodes radiata","species","424979","Givetian","","387.95","382.31","9361"
"368815","occ","","","34890","Stachyodes sp.","genus","3436","","Stachyodes","genus","3436","Givetian","","387.95","382.31","9361"
"368830","occ","","","34889","Stachyodes sp.","genus","3436","","Stachyodes","genus","3436","Givetian","","387.95","382.31","9361"
"369774","occ","","","34990","Parallelostroma sp.","genus","3410","","Parallelostroma","genus","3410","Givetian","","387.95","382.31","9409"
"385203","occ","","","27589","Stachyodes sp.","genus","3436","","Stachyodes","genus","3436","Late Givetian","","383.4","382.31","9833"
"385205","occ","","","27589","Stachyodes (Sphaerostroma) exiguum","genus","3436","species not entered","Stachyodes","genus","3436","Late Givetian","","383.4","382.31","9833"
"403183","occ","","","38681","Stachyodes verticillata","genus","3436","species not entered","Stachyodes","genus","3436","Givetian","","387.95","382.31","10391"
"403193","occ","","","38681","Parallelopora sp.","genus","3409","","Parallelopora","genus","3409","Givetian","","387.95","382.31","10391"
"403207","occ","","","38681","Habrostroma incrustans","genus","3385","species not entered","Habrostroma","genus","3385","Givetian","","387.95","382.31","10391"
"403219","occ","","","38686","Stachyodes australe","genus","3436","species not entered","Stachyodes","genus","3436","Frasnian","","382.31","372.15","10391"
"403222","occ","","","38688","Stachyodes australe","genus","3436","species not entered","Stachyodes","genus","3436","Frasnian","","382.31","372.15","10391"
"403224","occ","","","38688","cf. Stachyodes sp.","genus","3436","","Stachyodes","genus","3436","Frasnian","","382.31","372.15","10391"
"403228","occ","","","38689","Stachyodes australe","genus","3436","species not entered","Stachyodes","genus","3436","Frasnian","","382.31","372.15","10391"
"403234","occ","","","38689","Stachyodes sp.","genus","3436","","Stachyodes","genus","3436","Frasnian","","382.31","372.15","10391"
"403236","occ","","","38690","Stachyodes australe","genus","3436","species not entered","Stachyodes","genus","3436","Early Frasnian","","382.31","379","10391"
"403239","occ","","","38690","Habrostroma sp.","genus","3385","","Habrostroma","genus","3385","Early Frasnian","","382.31","379","10391"
"407185","occ","","","39167","Stachyodes lagowiensis","genus","3436","species not entered","Stachyodes","genus","3436","Frasnian","","382.31","372.15","10565"
"407187","occ","","","39167","Syringostroma vesiculosum","genus","3449","species not entered","Syringostroma","genus","3449","Frasnian","","382.31","372.15","10576"
"407188","occ","","","39167","Syringostroma vesiculosum","genus","3449","species not entered","Syringostroma","genus","3449","Frasnian","","382.31","372.15","10565"
"407197","occ","","","39168","Stachyodes lagowiensis","genus","3436","species not entered","Stachyodes","genus","3436","Frasnian","Famennian","382.31","358.86","10565"
"407904","occ","","","39237","Stachyodes australe","genus","3436","species not entered","Stachyodes","genus","3436","Frasnian","","382.31","372.15","10601"
"407905","occ","","","39237","Stachyodes crassa","genus","3436","species not entered","Stachyodes","genus","3436","Frasnian","","382.31","372.15","10601"
"407906","occ","","","39237","Stachyodes costatula","genus","3436","species not entered","Stachyodes","genus","3436","Frasnian","","382.31","372.15","10601"
"407911","occ","","","39238","Stachyodes australe","genus","3436","species not entered","Stachyodes","genus","3436","Frasnian","","382.31","372.15","10601"
"407916","occ","","","39240","Stachyodes sp.","genus","3436","","Stachyodes","genus","3436","Frasnian","","382.31","372.15","10601"
"408789","occ","","","39348","Stachyodes sp.","genus","3436","","Stachyodes","genus","3436","Frasnian","","382.31","372.15","10565"
"408794","occ","","","39349","Stachyodes sp.","genus","3436","","Stachyodes","genus","3436","Frasnian","","382.31","372.15","10565"
"410385","occ","","","39629","Syringostroma vesiculosum","genus","3449","species not entered","Syringostroma","genus","3449","Frasnian","","382.31","372.15","10576"
"410429","occ","","","39636","Habrostroma incrustans","genus","3385","species not entered","Habrostroma","genus","3385","Frasnian","","382.31","372.15","10565"
"410436","occ","","","39636","Stachyodes sp.","genus","3436","","Stachyodes","genus","3436","Frasnian","","382.31","372.15","10565"
"410654","occ","","","39661","Habrostroma incrustans","genus","3385","species not entered","Habrostroma","genus","3385","Frasnian","","382.31","372.15","10565"
"413841","occ","","","40039","Stachyodes sp.","genus","3436","","Stachyodes","genus","3436","Emsian","Eifelian","410.62","387.95","10860"
"459900","occ","","","45302","Stachyodes sp.","genus","3436","","Stachyodes","genus","3436","Late Frasnian","","375.2","372.15","11786"
"459947","occ","","","45306","Atopostroma tuntouense","genus","3350","species not entered","Atopostroma","genus","3350","Emsian","","410.62","393.47","11789"
"463542","occ","","","45789","Parallelostroma aff. tuberculatum","genus","3410","species not entered","Parallelostroma","genus","3410","Lochkovian","","419.62","413.02","12132"
"463991","occ","","","45825","Parallelopora sp.","genus","3409","","Parallelopora","genus","3409","Late Emsian","","399.5","393.47","12132"
"464043","occ","","","45829","Parallelostroma ex gr. typicum","genus","3410","species not entered","Parallelostroma","genus","3410","Lochkovian","","419.62","413.02","12132"
"464246","occ","","","45839","Stachyodes sp.","genus","3436","","Stachyodes","genus","3436","Pridoli","Lochkovian","422.7","413.02","12132"
"572850","occ","","","60152","Stachyodes (Stachyodes) sp.","genus","3436","species not entered","Stachyodes","genus","3436","Early Givetian","","387.95","385.9","17286"
"572872","occ","","","60159","Stachyodes (Stachyodes) sp.","genus","3436","species not entered","Stachyodes","genus","3436","Early Givetian","","387.95","385.9","17286"
"572910","occ","","","60160","? Stachyodes sp.","genus","3436","","Stachyodes","genus","3436","Early Givetian","","387.95","385.9","17286"
"572983","occ","","","60179","Stachyodes (Stachyodes) sp.","genus","3436","species not entered","Stachyodes","genus","3436","Late Givetian","Frasnian","383.4","372.15","17286"
"574930","occ","","","60429","Atopostroma contextum","genus","3350","species not entered","Atopostroma","genus","3350","Pragian","","413.02","410.62","17382"
"574931","occ","","","60429","Atopostroma frustulum","genus","3350","species not entered","Atopostroma","genus","3350","Pragian","","413.02","410.62","17382"
"574932","occ","","","60429","Parallelopora florida","genus","3409","species not entered","Parallelopora","genus","3409","Pragian","","413.02","410.62","17382"
"574941","occ","","","60433","Atopostroma frustulum","genus","3350","species not entered","Atopostroma","genus","3350","Pragian","","413.02","410.62","17382"
"574962","occ","","","60435","Atopostroma contextum","genus","3350","species not entered","Atopostroma","genus","3350","Pragian","","413.02","410.62","17382"
"574964","occ","","","60435","Atopostroma frustulum","genus","3350","species not entered","Atopostroma","genus","3350","Pragian","","413.02","410.62","17382"
"574965","occ","","","60435","Parallelopora florida","genus","3409","species not entered","Parallelopora","genus","3409","Pragian","","413.02","410.62","17382"
"589050","occ","","","62135","Stachyodes australe","genus","3436","species not entered","Stachyodes","genus","3436","Frasnian","","382.31","372.15","17951"
"589052","occ","","","62137","Stachyodes cf. costulata","species","424980","","Stachyodes costulata","species","424980","Frasnian","","382.31","372.15","17951"
"589069","occ","","","62145","Habrostroma cf. dubia","genus","3385","species not entered","Habrostroma","genus","3385","Frasnian","","382.31","372.15","17951"
"589070","occ","","","62145","Habrostroma sp.","genus","3385","","Habrostroma","genus","3385","Frasnian","","382.31","372.15","17951"
"589082","occ","","","62146","Habrostroma sp.","genus","3385","","Habrostroma","genus","3385","Frasnian","","382.31","372.15","17951"
"589221","occ","","","62171","Stachyodes (Sphaerostroma) sp.","genus","3436","species not entered","Stachyodes","genus","3436","Eifelian","","393.47","387.95","17955"
"589224","occ","","","62171","Parallelopora goldfussi","species","440590","","Parallelopora goldfussi","species","440590","Eifelian","","393.47","387.95","17955"
"589241","occ","","","62173","Stachyodes (Stachyodes) radiata","species","424979","variant of","Stachyodes radiata","species","424979","Early Givetian","","387.95","385.9","17955"
"594335","occ","","","62900","Syringostroma cylindricum","genus","3449","species not entered","Syringostroma","genus","3449","Eifelian","","393.47","387.95","18142"
"594336","occ","","","62900","Syringostroma densum","genus","3449","species not entered","Syringostroma","genus","3449","Eifelian","","393.47","387.95","18142"
"594337","occ","","","62900","Syringostroma nodulatum","genus","3449","species not entered","Syringostroma","genus","3449","Eifelian","","393.47","387.95","18142"
"594338","occ","","","62900","Syringostroma pustulosum","genus","3449","species not entered","Syringostroma","genus","3449","Eifelian","","393.47","387.95","18142"
"594339","occ","","","62900","? Habrostroma beachvillensis","genus","3385","species not entered","Habrostroma","genus","3385","Eifelian","","393.47","387.95","18142"
"594340","occ","","","62900","Habrostroma larocquei","genus","3385","species not entered","Habrostroma","genus","3385","Eifelian","","393.47","387.95","18142"
"594341","occ","","","62900","Habrostroma marpleae","genus","3385","species not entered","Habrostroma","genus","3385","Eifelian","","393.47","387.95","18142"
"596532","occ","","","63212","Parallelopora ornata n. sp.","genus","3409","species not entered","Parallelopora","genus","3409","Ludlow","","426.7","422.7","18193"
"596936","occ","","","63277","Atopostroma tuntouense","genus","3350","species not entered","Atopostroma","genus","3350","Lochkovian","Pragian","419.62","410.62","18200"
"596941","occ","","","63277","Parallelostroma microporum","species","319093","","Parallelostroma microporum","species","319092","Lochkovian","Pragian","419.62","410.62","18200"
"596944","occ","","","63277","Syringostroma praecox n. sp.","genus","3449","species not entered","Syringostroma","genus","3449","Lochkovian","Pragian","419.62","410.62","18200"
"596945","occ","","","63277","Habrostroma sp.","genus","3385","","Habrostroma","genus","3385","Lochkovian","Pragian","419.62","410.62","18200"
"596986","occ","","","63286","Atopostroma tuntouense","genus","3350","species not entered","Atopostroma","genus","3350","Lochkovian","Pragian","419.62","410.62","18200"
"596987","occ","","","63286","Parallelostroma microporum","species","319093","","Parallelostroma microporum","species","319092","Lochkovian","Pragian","419.62","410.62","18200"
"596989","occ","","","63286","Syringostroma praecox","genus","3449","species not entered","Syringostroma","genus","3449","Lochkovian","Pragian","419.62","410.62","18200"
"597014","occ","","","63287","Parallelostroma microporum","species","319093","","Parallelostroma microporum","species","319092","Lochkovian","Pragian","419.62","410.62","18200"
"608523","occ","","","65045","Parallelostroma sp.","genus","3410","","Parallelostroma","genus","3410","Ludfordian","","425","422.7","6158"
"621690","occ","","","66955","Parallelopora campbelli","genus","3409","species not entered","Parallelopora","genus","3409","Eifelian","","393.47","387.95","19072"
"621692","occ","","","66955","Stachyodes sp.","genus","3436","","Stachyodes","genus","3436","Eifelian","","393.47","387.95","19072"
"663222","occ","","","71423","Stachyodes sp.","genus","3436","","Stachyodes","genus","3436","Givetian","","387.95","382.31","24144"
"663565","occ","","","71458","Stachyodes verticillata","genus","3436","species not entered","Stachyodes","genus","3436","Givetian","","387.95","382.31","24147"
"663588","occ","","","71462","Stachyodes verticillata","genus","3436","species not entered","Stachyodes","genus","3436","Givetian","","387.95","382.31","24147"
"663595","occ","","","71462","Parallelopora sp.","genus","3409","","Parallelopora","genus","3409","Givetian","","387.95","382.31","24147"
"663601","occ","","","71463","Stachyodes verticillata","genus","3436","species not entered","Stachyodes","genus","3436","Givetian","","387.95","382.31","24147"
"663607","occ","","","71464","Stachyodes verticillata","genus","3436","species not entered","Stachyodes","genus","3436","Givetian","","387.95","382.31","24147"
"663619","occ","","","71465","Stachyodes verticillata","genus","3436","species not entered","Stachyodes","genus","3436","Givetian","","387.95","382.31","24147"
"663632","occ","","","71469","Stachyodes verticillata","genus","3436","species not entered","Stachyodes","genus","3436","Givetian","","387.95","382.31","24147"
"688382","occ","","","74031","Stachyodes sp.","genus","3436","","Stachyodes","genus","3436","Gedinnine","","419.62","413.02","24845"
"698394","occ","","","75031","Stachyodes verticillata","genus","3436","species not entered","Stachyodes","genus","3436","Frasnian","","382.31","372.15","25300"
"698402","occ","","","75031","Stachyodes australe","genus","3436","species not entered","Stachyodes","genus","3436","Frasnian","","382.31","372.15","25300"
"698412","occ","","","75031","Stachyodes sp.","genus","3436","","Stachyodes","genus","3436","Frasnian","","382.31","372.15","25300"
"699324","occ","","","75083","Stachyodes australe","genus","3436","species not entered","Stachyodes","genus","3436","Frasnian","","382.31","372.15","25300"
"699363","occ","","","75084","Syringostroma cf. densum","genus","3449","species not entered","Syringostroma","genus","3449","Pragian","","413.02","410.62","25347"
"699369","occ","","","75084","Parallelostroma cf. multicolumnum","species","119112","","Parallelostroma multicolumnum","species","119112","Pragian","","413.02","410.62","25347"
"699875","occ","","","75184","Syringostroma barretti","species","319091","","Parallelostroma microporum","species","319092","Lochkovian","","419.62","413.02","25377"
"704053","occ","","","75570","Stachyodes sp.","genus","3436","","Stachyodes","genus","3436","Givetian","","387.95","382.31","25512"
"705558","occ","","","75720","Stachyodes sp.","genus","3436","","Stachyodes","genus","3436","Frasnian","","382.31","372.15","25571"
"706127","occ","","","75763","Stachyodes sp.","genus","3436","","Stachyodes","genus","3436","Givetian","","387.95","382.31","25611"
"715202","occ","","","76657","Stachyodes sp.","genus","3436","","Stachyodes","genus","3436","Givetian","","387.95","382.31","25939"
"715679","occ","","","76756","Syringostroma barretti","species","319091","","Parallelostroma microporum","species","319092","Lochkovian","","419.62","413.02","25968"
"715993","occ","","","76851","Syringostroma barretti","species","319091","","Parallelostroma microporum","species","319092","Lochkovian","","419.62","413.02","25968"
"716920","occ","","","76963","Parallelostroma sinense","genus","3410","species not entered","Parallelostroma","genus","3410","Emsian","","410.62","393.47","26031"
"716977","occ","","","28047","Stachyodes verticillata","genus","3436","species not entered","Stachyodes","genus","3436","Late Givetian","Early Frasnian","383.4","379","26037"
"719968","occ","","","77260","Parallelostroma sp.","genus","3410","","Parallelostroma","genus","3410","Telychian","","438.6","432.9","26165"
"724020","occ","","","77748","Stachyodes verticillata","genus","3436","species not entered","Stachyodes","genus","3436","Givetian","","387.95","382.31","26260"
"724021","occ","","","77748","Stachyodes caespitosa","genus","3436","species not entered","Stachyodes","genus","3436","Givetian","","387.95","382.31","26260"
"724022","occ","","","77748","Stachyodes costulata","species","424980","","Stachyodes costulata","species","424980","Givetian","","387.95","382.31","26260"
"724025","occ","","","77748","Syringostroma cf. clathrocoilona","genus","3449","species not entered","Syringostroma","genus","3449","Givetian","","387.95","382.31","26260"
"724048","occ","","","77752","Parallelopora cf. perpetua","species","131314","","Parallelopora perpetua","species","131314","Givetian","","387.95","382.31","26260"
"724050","occ","","","77752","Stachyodes sp.","genus","3436","","Stachyodes","genus","3436","Givetian","","387.95","382.31","26260"
"724062","occ","","","77756","Stachyodes sp.","genus","3436","","Stachyodes","genus","3436","Givetian","","387.95","382.31","26260"
"724351","occ","","","77787","Stachyodes costulata","species","424980","","Stachyodes costulata","species","424980","Givetian","","387.95","382.31","26260"
"724355","occ","","","77788","Stachyodes sp.","genus","3436","","Stachyodes","genus","3436","Givetian","Frasnian","387.95","372.15","26272"
"724362","occ","","","77788","Syringostroma sp.","genus","3449","","Syringostroma","genus","3449","Givetian","Frasnian","387.95","372.15","26272"
"724434","occ","","","77792","Stachyodes sp.","genus","3436","","Stachyodes","genus","3436","Givetian","Frasnian","387.95","372.15","20867"
"725376","occ","","","77917","Stachyodes costulata","species","424980","","Stachyodes costulata","species","424980","Givetian","Frasnian","387.95","372.15","26299"
"731578","occ","","","78493","Stachyodes sp.","genus","3436","","Stachyodes","genus","3436","Eifelian","","393.47","387.95","26393"
"731580","occ","","","78493","Parallelopora aff. buecheliensis","genus","3409","species not entered","Parallelopora","genus","3409","Eifelian","","393.47","387.95","26393"
"731581","occ","","","78493","Parallelopora aff. huepschii","genus","3409","species not entered","Parallelopora","genus","3409","Eifelian","","393.47","387.95","26393"
"731584","occ","","","78493","Stachyodes aff. solitaria","genus","3436","species not entered","Stachyodes","genus","3436","Eifelian","","393.47","387.95","26393"
"731588","occ","","","78493","Syringostroma sp.","genus","3449","","Syringostroma","genus","3449","Eifelian","","393.47","387.95","26393"
"731601","occ","","","78569","Parallelopora aff. buecheliensis","genus","3409","species not entered","Parallelopora","genus","3409","Eifelian","","393.47","387.95","26415"
"731602","occ","","","78569","Stachyodes gracilis","genus","3436","species not entered","Stachyodes","genus","3436","Eifelian","","393.47","387.95","26415"
"731609","occ","","","78569","Syringostroma percanaliculata","genus","3449","species not entered","Syringostroma","genus","3449","Eifelian","","393.47","387.95","26415"
"731610","occ","","","78569","Syringostroma perfectum","genus","3449","species not entered","Syringostroma","genus","3449","Eifelian","","393.47","387.95","26415"
"731797","occ","","","78575","Stachyodes australe","genus","3436","species not entered","Stachyodes","genus","3436","Late Frasnian","","375.2","372.15","26421"
"735605","occ","","","78972","Parallelostroma typicum","genus","3410","species not entered","Parallelostroma","genus","3410","Ludfordian","","425","422.7","26528"
"735606","occ","","","78972","Parallelostroma ex gr. typicum","genus","3410","species not entered","Parallelostroma","genus","3410","Ludfordian","","425","422.7","26528"
"735607","occ","","","78972","Parallelostroma ex gr. dnestriensis","genus","3410","species not entered","Parallelostroma","genus","3410","Ludfordian","","425","422.7","26528"
"735625","occ","","","78973","Parallelostroma stellagerum","genus","3410","species not entered","Parallelostroma","genus","3410","Lochkovian","Pragian","419.62","410.62","26528"
"735782","occ","","","78985","Syringostroma aff. tenuitetilis","genus","3449","species not entered","Syringostroma","genus","3449","Eifelian","","393.47","387.95","26528"
"735922","occ","","","79020","Syringostroma perfectum","genus","3449","species not entered","Syringostroma","genus","3449","Lochkovian","","419.62","413.02","26539"
"735969","occ","","","79030","Parallelostroma grinchukense","genus","3410","species not entered","Parallelostroma","genus","3410","Ludlow","","426.7","422.7","26537"
"738873","occ","","","79380","Parallelostroma typicum","genus","3410","species not entered","Parallelostroma","genus","3410","Pridoli","Lochkovian","422.7","413.02","26625"
"738874","occ","","","79380","Parallelostroma kaugatomicum","genus","3410","species not entered","Parallelostroma","genus","3410","Pridoli","Lochkovian","422.7","413.02","26625"
"738875","occ","","","79380","Parallelostroma cf. barretti","species","319094","","Parallelostroma microporum","species","319092","Pridoli","Lochkovian","422.7","413.02","26625"
"738876","occ","","","79380","Parallelostroma keyserense","species","119114","","Parallelostroma keyserense","species","119114","Pridoli","Lochkovian","422.7","413.02","26625"
"738878","occ","","","79381","Parallelostroma kaugatomicum","genus","3410","species not entered","Parallelostroma","genus","3410","Pridoli","Lochkovian","422.7","413.02","26625"
"738879","occ","","","79381","Parallelostroma barretti","species","319094","","Parallelostroma microporum","species","319092","Pridoli","Lochkovian","422.7","413.02","26625"
"738880","occ","","","79381","Parallelostroma cf. barretti","species","319094","","Parallelostroma microporum","species","319092","Pridoli","Lochkovian","422.7","413.02","26625"
"738881","occ","","","79381","Parallelostroma keyserense n. sp.","species","119114","","Parallelostroma keyserense","species","119114","Pridoli","Lochkovian","422.7","413.02","26625"
"738882","occ","","","79381","Parallelostroma longicolumnum n. sp.","species","119113","","Parallelostroma longicolumnum","species","119113","Pridoli","Lochkovian","422.7","413.02","26625"
"738883","occ","","","79381","Parallelostroma multicolumnum n. sp.","species","119112","","Parallelostroma multicolumnum","species","119112","Pridoli","Lochkovian","422.7","413.02","26625"
"738884","occ","","","79382","Parallelostroma barretti","species","319094","","Parallelostroma microporum","species","319092","Pridoli","Lochkovian","422.7","413.02","26625"
"738885","occ","","","79382","Parallelostroma cf. barretti","species","319094","","Parallelostroma microporum","species","319092","Pridoli","Lochkovian","422.7","413.02","26625"
"738886","occ","","","79382","Parallelostroma keyserense","species","119114","","Parallelostroma keyserense","species","119114","Pridoli","Lochkovian","422.7","413.02","26625"
"739020","occ","","","79400","Columnostroma frutilosum","genus","3364","species not entered","Columnostroma","genus","3364","Wenlock","","432.9","426.7","26630"
"739031","occ","","","79401","Columnostroma frutilosum","genus","3364","species not entered","Columnostroma","genus","3364","Wenlock","","432.9","426.7","26630"
"739047","occ","","","79403","Columnostroma frutilosum","genus","3364","species not entered","Columnostroma","genus","3364","Wenlock","","432.9","426.7","26630"
"739051","occ","","","79406","Columnostroma frutilosum","genus","3364","species not entered","Columnostroma","genus","3364","Wenlock","","432.9","426.7","26630"
"739111","occ","","","79412","Parallelostroma sp.","genus","3410","","Parallelostroma","genus","3410","Llandovery","","443.1","432.9","26630"
"740143","occ","","","79561","Stachyodes sp.","genus","3436","","Stachyodes","genus","3436","Eifelian","","393.47","387.95","26698"
"740185","occ","","","79573","Stachyodes sp.","genus","3436","","Stachyodes","genus","3436","Emsian","","410.62","393.47","26699"
"740699","occ","","","79640","Parallelostroma pseudotuberculata","genus","3410","species not entered","Parallelostroma","genus","3410","Wenlock","","432.9","426.7","26709"
"740723","occ","","","79642","Parallelostroma malinovzyense","genus","3410","species not entered","Parallelostroma","genus","3410","Ludlow","","426.7","422.7","26709"
"740735","occ","","","79642","Parallelostroma tuberculatum","genus","3410","species not entered","Parallelostroma","genus","3410","Ludlow","","426.7","422.7","26709"
"740736","occ","","","79642","Parallelostroma ornata","genus","3410","species not entered","Parallelostroma","genus","3410","Ludlow","","426.7","422.7","26709"
"740740","occ","","","79642","Parallelostroma yavorskyi","genus","3410","species not entered","Parallelostroma","genus","3410","Ludlow","","426.7","422.7","26709"
"740796","occ","","","79645","Parallelostroma yavorskyi","genus","3410","species not entered","Parallelostroma","genus","3410","Ludlow","","426.7","422.7","26709"
"740797","occ","","","79645","Parallelostroma malinovzyense","genus","3410","species not entered","Parallelostroma","genus","3410","Ludlow","","426.7","422.7","26709"
"741682","occ","","","79717","Parallelostroma multilaminatum","genus","3410","species not entered","Parallelostroma","genus","3410","Gedinnine","","419.62","413.02","26709"
"741704","occ","","","79721","Parallelostroma dzinsetuense n. sp.","species","119799","","Parallelostroma dzinsetuense","species","119799","Givetian","","387.95","382.31","26709"
"743373","occ","","","79809","Parallelostroma typicum","genus","3410","species not entered","Parallelostroma","genus","3410","Ludfordian","","425","422.7","21265"
"743381","occ","","","79810","Parallelostroma typicum","genus","3410","species not entered","Parallelostroma","genus","3410","Ludfordian","","425","422.7","21265"
"743393","occ","","","79812","Parallelostroma sp.","genus","3410","","Parallelostroma","genus","3410","Ludfordian","","425","422.7","26227"
"743405","occ","","","79814","""Parallelopora"" ornata","genus","3409","species not entered","Parallelopora","genus","3409","Ludfordian","","425","422.7","26841"
"743407","occ","","","79814","Parallelostroma typicum","genus","3410","species not entered","Parallelostroma","genus","3410","Ludfordian","","425","422.7","26841"
"744657","occ","","","79877","Parallelostroma typicum","genus","3410","species not entered","Parallelostroma","genus","3410","Gorstian","","426.7","425","26841"
"744669","occ","","","79878","Parallelostroma typicum","genus","3410","species not entered","Parallelostroma","genus","3410","Ludfordian","","425","422.7","26841"
"750504","occ","","","80272","Stachyodes insignis","genus","3436","species not entered","Stachyodes","genus","3436","Givetian","","387.95","382.31","26992"
"750506","occ","","","80272","Parallelopora osttiolata","genus","3409","species not entered","Parallelopora","genus","3409","Givetian","","387.95","382.31","26992"
"750507","occ","","","80272","Parallelopora goldfussii","genus","3409","species not entered","Parallelopora","genus","3409","Givetian","","387.95","382.31","26992"
"752659","occ","","","80587","Atopostroma grossum","genus","3350","species not entered","Atopostroma","genus","3350","Emsian","","410.62","393.47","27059"
"753040","occ","","","80631","Atopostroma sp.","genus","3350","","Atopostroma","genus","3350","Emsian","","410.62","393.47","27059"
"753052","occ","","","80633","Stachyodes sp.","genus","3436","","Stachyodes","genus","3436","Givetian","","387.95","382.31","27059"
"753059","occ","","","80634","Stachyodes sp.","genus","3436","","Stachyodes","genus","3436","Givetian","","387.95","382.31","27059"
"756990","occ","","","81012","Stachyodes sp.","genus","3436","","Stachyodes","genus","3436","Eifelian","","393.47","387.95","27253"
"757432","occ","","","81048","Stachyodes sp.","genus","3436","","Stachyodes","genus","3436","Givetian","Frasnian","387.95","372.15","27253"
"757530","occ","","","81054","Stachyodes singularia","genus","3436","species not entered","Stachyodes","genus","3436","Eifelian","","393.47","387.95","27273"
"758353","occ","","","81119","Stachyodes sp.","genus","3436","","Stachyodes","genus","3436","Frasnian","","382.31","372.15","27314"
"758365","occ","","","81120","Stachyodes sp.","genus","3436","","Stachyodes","genus","3436","Frasnian","","382.31","372.15","27314"
"760582","occ","","","81292","Stachyodes sp.","genus","3436","","Stachyodes","genus","3436","Late Givetian","","383.4","382.31","27395"
"763238","occ","","","81594","? Syringostroma confertum","genus","3449","species not entered","Syringostroma","genus","3449","Givetian","","387.95","382.31","27518"
"763239","occ","","","81594","? Syringostroma costulatum","genus","3449","species not entered","Syringostroma","genus","3449","Givetian","","387.95","382.31","27518"
"763240","occ","","","81594","Stachyodes verticillata","genus","3436","species not entered","Stachyodes","genus","3436","Givetian","","387.95","382.31","27518"
"763241","occ","","","81594","Stachyodes spongiosa","genus","3436","species not entered","Stachyodes","genus","3436","Givetian","","387.95","382.31","27518"
"763242","occ","","","81594","Stachyodes thomasclarki","species","463868","","Stachyodes thomasclarki","species","463868","Givetian","","387.95","382.31","27518"
"763248","occ","","","81595","? Syringostroma confertum","genus","3449","species not entered","Syringostroma","genus","3449","Frasnian","","382.31","372.15","27518"
"763249","occ","","","81595","? Syringostroma costulatum","genus","3449","species not entered","Syringostroma","genus","3449","Frasnian","","382.31","372.15","27518"
"763250","occ","","","81595","Stachyodes spongiosa","genus","3436","species not entered","Stachyodes","genus","3436","Frasnian","","382.31","372.15","27518"
"763251","occ","","","81595","Stachyodes thomasclarki","species","463868","","Stachyodes thomasclarki","species","463868","Frasnian","","382.31","372.15","27518"
"763282","occ","","","81602","Stachyodes sp.","genus","3436","","Stachyodes","genus","3436","Pragian","Emsian","413.02","393.47","27272"
"764744","occ","","","76717","Parallelopora ? buecheliensis","genus","3409","species not entered","Parallelopora","genus","3409","Eifelian","","393.47","387.95","27574"
"764746","occ","","","76717","Stachyodes sp.","genus","3436","","Stachyodes","genus","3436","Eifelian","","393.47","387.95","27574"
"764788","occ","","","81665","cf. Parallelopora sp.","genus","3409","","Parallelopora","genus","3409","Givetian","Frasnian","387.95","372.15","27580"
"765783","occ","","","81749","Parallelostroma malicentum","genus","3410","species not entered","Parallelostroma","genus","3410","Lochkovian","","419.62","413.02","27606"
"765784","occ","","","81749","Parallelostroma minusculum","genus","3410","species not entered","Parallelostroma","genus","3410","Lochkovian","","419.62","413.02","27606"
"765785","occ","","","81749","Columnostroma minutum","genus","3364","species not entered","Columnostroma","genus","3364","Lochkovian","","419.62","413.02","27606"
"765838","occ","","","81750","Columnostroma concinnum","genus","3364","species not entered","Columnostroma","genus","3364","Pragian","","413.02","410.62","27606"
"766106","occ","","","81790","Parallelostroma cf. devonicus","genus","3410","species not entered","Parallelostroma","genus","3410","Pragian","Early Emsian","413.02","399.5","27606"
"766107","occ","","","81790","Parallelopora orbiscula","genus","3409","species not entered","Parallelopora","genus","3409","Pragian","Early Emsian","413.02","399.5","27606"
"766285","occ","","","81796","Parallelopora cf. orbiscula","genus","3409","species not entered","Parallelopora","genus","3409","Pragian","","413.02","410.62","27606"
"768268","occ","","","82071","Stachyodes spongiosa","genus","3436","species not entered","Stachyodes","genus","3436","Givetian","","387.95","382.31","27675"
"768276","occ","","","82071","Stachyodes thomasclarki","species","463868","","Stachyodes thomasclarki","species","463868","Givetian","","387.95","382.31","27675"
"768289","occ","","","82073","Parallelopora flexuosa","genus","3409","species not entered","Parallelopora","genus","3409","Givetian","","387.95","382.31","27677"
"768296","occ","","","82073","Stachyodes sp.","genus","3436","","Stachyodes","genus","3436","Givetian","","387.95","382.31","27677"
"768319","occ","","","82082","Stachyodes sp.","genus","3436","","Stachyodes","genus","3436","Givetian","","387.95","382.31","27679"
"768332","occ","","","82083","Stachyodes sp.","genus","3436","","Stachyodes","genus","3436","Givetian","","387.95","382.31","27679"
"768458","occ","","","82098","Stachyodes sp.","genus","3436","","Stachyodes","genus","3436","Givetian","","387.95","382.31","27679"
"768473","occ","","","82100","Stachyodes sp.","genus","3436","","Stachyodes","genus","3436","Givetian","","387.95","382.31","27679"
"768484","occ","","","82102","Stachyodes sp.","genus","3436","","Stachyodes","genus","3436","Givetian","","387.95","382.31","27679"
"768488","occ","","","82103","? Stachyodes sp.","genus","3436","","Stachyodes","genus","3436","Givetian","","387.95","382.31","27679"
"768508","occ","","","82104","Stachyodes sp.","genus","3436","","Stachyodes","genus","3436","Givetian","","387.95","382.31","27679"
"770261","occ","","","82483","Parallelopora buecheliensis","genus","3409","species not entered","Parallelopora","genus","3409","Late Givetian","","383.4","382.31","27779"
"770264","occ","","","82483","Syringostroma sp.","genus","3449","","Syringostroma","genus","3449","Late Givetian","","383.4","382.31","27779"
"770267","occ","","","82483","Stachyodes (Keega) jonelrayi","species","131809","variant of","Stachyodes jonelrayi","species","131809","Late Givetian","","383.4","382.31","27779"
"770271","occ","","","82483","Stachyodes sp.","genus","3436","","Stachyodes","genus","3436","Late Givetian","","383.4","382.31","27779"
"770272","occ","","","82483","Stachyodes (Stachyodes) cf. verticillata","genus","3436","species not entered","Stachyodes","genus","3436","Late Givetian","","383.4","382.31","27779"
"770273","occ","","","82483","Stachyodes (Stachyodes) costulata","species","424980","variant of","Stachyodes costulata","species","424980","Late Givetian","","383.4","382.31","27779"
"770274","occ","","","82483","Stachyodes (Stachyodes) cf. paralleloporoides","genus","3436","species not entered","Stachyodes","genus","3436","Late Givetian","","383.4","382.31","27779"
"770298","occ","","","82485","Syringostroma sp.","genus","3449","","Syringostroma","genus","3449","Late Givetian","","383.4","382.31","27779"
"770302","occ","","","82485","Stachyodes (Keega) jonelrayi","species","131809","variant of","Stachyodes jonelrayi","species","131809","Late Givetian","","383.4","382.31","27779"
"770306","occ","","","82485","Stachyodes sp.","genus","3436","","Stachyodes","genus","3436","Late Givetian","","383.4","382.31","27779"
"770321","occ","","","82486","Stachyodes (Keega) jonelrayi","species","131809","variant of","Stachyodes jonelrayi","species","131809","Late Givetian","","383.4","382.31","27779"
"770323","occ","","","82486","Stachyodes sp.","genus","3436","","Stachyodes","genus","3436","Late Givetian","","383.4","382.31","27779"
"771061","occ","","","82561","Syringostroma sp.","genus","3449","","Syringostroma","genus","3449","Late Givetian","","383.4","382.31","27779"
"771065","occ","","","82561","Stachyodes (Keega) jonelrayi","species","131809","variant of","Stachyodes jonelrayi","species","131809","Late Givetian","","383.4","382.31","27779"
"771069","occ","","","82561","Stachyodes sp.","genus","3436","","Stachyodes","genus","3436","Late Givetian","","383.4","382.31","27779"
"771070","occ","","","82561","Stachyodes (Stachyodes) caespitosa","genus","3436","species not entered","Stachyodes","genus","3436","Late Givetian","","383.4","382.31","27779"
"771071","occ","","","82561","Stachyodes (Stachyodes) costulata","species","424980","variant of","Stachyodes costulata","species","424980","Late Givetian","","383.4","382.31","27779"
"771118","occ","","","82562","Stachyodes sp.","genus","3436","","Stachyodes","genus","3436","Late Givetian","","383.4","382.31","27779"
"771126","occ","","","82563","Syringostroma sp.","genus","3449","","Syringostroma","genus","3449","Late Givetian","","383.4","382.31","27779"
"771131","occ","","","82563","Stachyodes sp.","genus","3436","","Stachyodes","genus","3436","Late Givetian","","383.4","382.31","27779"
"771132","occ","","","82563","Stachyodes (Stachyodes) verticillata","genus","3436","species not entered","Stachyodes","genus","3436","Late Givetian","","383.4","382.31","27779"
"771133","occ","","","82563","Stachyodes (Stachyodes) cf. verticillata","genus","3436","species not entered","Stachyodes","genus","3436","Late Givetian","","383.4","382.31","27779"
"771134","occ","","","82563","Stachyodes (Stachyodes) costulata","species","424980","variant of","Stachyodes costulata","species","424980","Late Givetian","","383.4","382.31","27779"
"771151","occ","","","82564","Parallelopora sp.","genus","3409","","Parallelopora","genus","3409","Late Givetian","","383.4","382.31","27779"
"771161","occ","","","82564","Stachyodes sp.","genus","3436","","Stachyodes","genus","3436","Late Givetian","","383.4","382.31","27779"
"771162","occ","","","82564","Stachyodes (Stachyodes) verticillata","genus","3436","species not entered","Stachyodes","genus","3436","Late Givetian","","383.4","382.31","27779"
"771163","occ","","","82564","Stachyodes (Stachyodes) cf. caespitosa","genus","3436","species not entered","Stachyodes","genus","3436","Late Givetian","","383.4","382.31","27779"
"771164","occ","","","82564","Stachyodes (Stachyodes) cf. costulata","species","424980","variant of","Stachyodes costulata","species","424980","Late Givetian","","383.4","382.31","27779"
"771542","occ","","","82611","Parallelopora longitubulata","genus","3409","species not entered","Parallelopora","genus","3409","Frasnian","","382.31","372.15","27804"
"771558","occ","","","82612","Parallelopora kudebensis","genus","3409","species not entered","Parallelopora","genus","3409","Early Frasnian","Middle Frasnian","382.31","375.2","27804"
"773967","occ","","","83035","Syringostroma densum","genus","3449","species not entered","Syringostroma","genus","3449","Givetian","","387.95","382.31","27804"
"774582","occ","","","83110","Syringostroma barretti","species","319091","","Parallelostroma microporum","species","319092","Lochkovian","","419.62","413.02","25968"
"774950","occ","","","83221","Stachyodes paralleloporoides","genus","3436","species not entered","Stachyodes","genus","3436","Givetian","Frasnian","387.95","372.15","27934"
"774951","occ","","","83221","Stachyodes costulata","species","424980","","Stachyodes costulata","species","424980","Givetian","Frasnian","387.95","372.15","27934"
"774952","occ","","","83221","Stachyodes regularis","genus","3436","species not entered","Stachyodes","genus","3436","Givetian","Frasnian","387.95","372.15","27934"
"774953","occ","","","83221","Stachyodes densilamellata","genus","3436","species not entered","Stachyodes","genus","3436","Givetian","Frasnian","387.95","372.15","27934"
"774965","occ","","","83222","Stachyodes costulata","species","424980","","Stachyodes costulata","species","424980","Early Frasnian","","382.31","379","27934"
"774966","occ","","","83222","Stachyodes regularis","genus","3436","species not entered","Stachyodes","genus","3436","Early Frasnian","","382.31","379","27934"
"774967","occ","","","83222","Stachyodes australe","genus","3436","species not entered","Stachyodes","genus","3436","Early Frasnian","","382.31","379","27934"
"774968","occ","","","83222","Stachyodes sp.","genus","3436","","Stachyodes","genus","3436","Early Frasnian","","382.31","379","27934"
"774987","occ","","","83223","Stachyodes lagowiensis","genus","3436","species not entered","Stachyodes","genus","3436","Early Frasnian","","382.31","379","27934"
"774988","occ","","","83223","Stachyodes sp.","genus","3436","","Stachyodes","genus","3436","Early Frasnian","","382.31","379","27934"
"775004","occ","","","83224","Stachyodes lagowiensis","genus","3436","species not entered","Stachyodes","genus","3436","Frasnian","","382.31","372.15","27934"
"775005","occ","","","83224","Stachyodes regularis","genus","3436","species not entered","Stachyodes","genus","3436","Frasnian","","382.31","372.15","27934"
"775006","occ","","","83224","Stachyodes australe","genus","3436","species not entered","Stachyodes","genus","3436","Frasnian","","382.31","372.15","27934"
"775007","occ","","","83224","Stachyodes sp.","genus","3436","","Stachyodes","genus","3436","Frasnian","","382.31","372.15","27934"
"775098","occ","","","83232","Parallelopora perpetua n. sp.","species","131314","","Parallelopora perpetua","species","131314","Early Frasnian","","382.31","379","27950"
"775107","occ","","","83232","Stachyodes (Stachyodes) verticillata","genus","3436","species not entered","Stachyodes","genus","3436","Early Frasnian","","382.31","379","27950"
"775108","occ","","","83232","Stachyodes (Stachyodes) lagowiensis","genus","3436","species not entered","Stachyodes","genus","3436","Early Frasnian","","382.31","379","27950"
"775109","occ","","","83232","Stachyodes (Stachyodes) costulata","species","424980","variant of","Stachyodes costulata","species","424980","Early Frasnian","","382.31","379","27950"
"775110","occ","","","83232","Stachyodes (Stachyodes) paralleloporoides","genus","3436","species not entered","Stachyodes","genus","3436","Early Frasnian","","382.31","379","27950"
"775111","occ","","","83232","Stachyodes (Sphaerostroma) crassa","genus","3436","species not entered","Stachyodes","genus","3436","Early Frasnian","","382.31","379","27950"
"775128","occ","","","83233","Stachyodes (Stachyodes) verticillata","genus","3436","species not entered","Stachyodes","genus","3436","Early Frasnian","","382.31","379","27950"
"775129","occ","","","83233","Stachyodes (Stachyodes) lagowiensis","genus","3436","species not entered","Stachyodes","genus","3436","Early Frasnian","","382.31","379","27950"
"775130","occ","","","83233","Stachyodes (Stachyodes) costulata","species","424980","variant of","Stachyodes costulata","species","424980","Early Frasnian","","382.31","379","27950"
"775131","occ","","","83233","Stachyodes (Stachyodes) paralleloporoides","genus","3436","species not entered","Stachyodes","genus","3436","Early Frasnian","","382.31","379","27950"
"775132","occ","","","83233","Stachyodes (Stachyodes) cf. stromatoporoides","genus","3436","species not entered","Stachyodes","genus","3436","Early Frasnian","","382.31","379","27950"
"775133","occ","","","83233","Stachyodes (Sphaerostroma) crassa","genus","3436","species not entered","Stachyodes","genus","3436","Early Frasnian","","382.31","379","27950"
"775144","occ","","","83234","Syringostroma capitatum","genus","3449","species not entered","Syringostroma","genus","3449","Early Givetian","","387.95","385.9","27950"
"775147","occ","","","83234","Stachyodes (Stachyodes) verticillata","genus","3436","species not entered","Stachyodes","genus","3436","Early Givetian","","387.95","385.9","27950"
"775169","occ","","","83236","Syringostroma capitatum","genus","3449","species not entered","Syringostroma","genus","3449","Late Frasnian","","375.2","372.15","27950"
"775170","occ","","","83236","Syringostroma vesiculosum","genus","3449","species not entered","Syringostroma","genus","3449","Late Frasnian","","375.2","372.15","27950"
"775173","occ","","","83236","Stachyodes (Stachyodes) lagowiensis","genus","3436","species not entered","Stachyodes","genus","3436","Late Frasnian","","375.2","372.15","27950"
"775187","occ","","","81594","Parallelopora voljvensis","genus","3409","species not entered","Parallelopora","genus","3409","Givetian","","387.95","382.31","27951"
"775188","occ","","","81594","Parallelopora ponomarevi","genus","3409","species not entered","Parallelopora","genus","3409","Givetian","","387.95","382.31","27951"
"775192","occ","","","81595","Parallelopora ponomarevi","genus","3409","species not entered","Parallelopora","genus","3409","Frasnian","","382.31","372.15","27951"
"775828","occ","","","83248","Parallelostroma multilaminatum","genus","3410","species not entered","Parallelostroma","genus","3410","Pragian","","413.02","410.62","27952"
"775829","occ","","","83248","Parallelostroma spongiosum","genus","3410","species not entered","Parallelostroma","genus","3410","Pragian","","413.02","410.62","27952"
"776159","occ","","","83288","Stachyodes insignis","genus","3436","species not entered","Stachyodes","genus","3436","Givetian","","387.95","382.31","27952"
"776184","occ","","","83288","Stachyodes costulata","species","424980","","Stachyodes costulata","species","424980","Givetian","","387.95","382.31","27952"
"776351","occ","","","83298","Stachyodes verticillata","genus","3436","species not entered","Stachyodes","genus","3436","Givetian","","387.95","382.31","27952"
"776352","occ","","","83298","Stachyodes costulata","species","424980","","Stachyodes costulata","species","424980","Givetian","","387.95","382.31","27952"
"776410","occ","","","83298","Stachyodes gracilis","genus","3436","species not entered","Stachyodes","genus","3436","Givetian","","387.95","382.31","27952"
"776415","occ","","","83298","Stachyodes cf. odinekensis","genus","3436","species not entered","Stachyodes","genus","3436","Givetian","","387.95","382.31","27952"
"776656","occ","","","83320","Stachyodes verticillata","genus","3436","species not entered","Stachyodes","genus","3436","Givetian","","387.95","382.31","27952"
"776657","occ","","","83320","Stachyodes laichauensis","genus","3436","species not entered","Stachyodes","genus","3436","Givetian","","387.95","382.31","27952"
"776680","occ","","","83320","Stachyodes gracilis","genus","3436","species not entered","Stachyodes","genus","3436","Givetian","","387.95","382.31","27952"
"776709","occ","","","83322","Stachyodes caespitosa","genus","3436","species not entered","Stachyodes","genus","3436","Givetian","","387.95","382.31","27952"
"776710","occ","","","83322","Stachyodes verticillata","genus","3436","species not entered","Stachyodes","genus","3436","Givetian","","387.95","382.31","27952"
"776711","occ","","","83322","Stachyodes radiata","species","424979","","Stachyodes radiata","species","424979","Givetian","","387.95","382.31","27952"
"776717","occ","","","83323","Stachyodes costulata","species","424980","","Stachyodes costulata","species","424980","Frasnian","","382.31","372.15","27952"
"776718","occ","","","83323","Stachyodes lagowiensis","genus","3436","species not entered","Stachyodes","genus","3436","Frasnian","","382.31","372.15","27952"
"776778","occ","","","83329","Stachyodes sp.","genus","3436","","Stachyodes","genus","3436","Emsian","","410.62","393.47","27952"
"776840","occ","","","83339","Stachyodes sp.","genus","3436","","Stachyodes","genus","3436","Eifelian","Givetian","393.47","382.31","27952"
"776845","occ","","","83340","Stachyodes insignis","genus","3436","species not entered","Stachyodes","genus","3436","Givetian","Frasnian","387.95","372.15","27952"
"776870","occ","","","83340","Stachyodes radiata","species","424979","","Stachyodes radiata","species","424979","Givetian","Frasnian","387.95","372.15","27952"
"776871","occ","","","83340","Stachyodes caespitosa","genus","3436","species not entered","Stachyodes","genus","3436","Givetian","Frasnian","387.95","372.15","27952"
"776889","occ","","","83341","Stachyodes costulata","species","424980","","Stachyodes costulata","species","424980","Frasnian","","382.31","372.15","27952"
"776890","occ","","","83341","Stachyodes angulata","genus","3436","species not entered","Stachyodes","genus","3436","Frasnian","","382.31","372.15","27952"
"776891","occ","","","83341","Stachyodes paralleloporoides","genus","3436","species not entered","Stachyodes","genus","3436","Frasnian","","382.31","372.15","27952"
"776925","occ","","","83345","Stachyodes aff. crassus","genus","3436","species not entered","Stachyodes","genus","3436","Frasnian","","382.31","372.15","27952"
"776934","occ","","","83345","Stachyodes angulata","genus","3436","species not entered","Stachyodes","genus","3436","Frasnian","","382.31","372.15","27952"
"776935","occ","","","83345","Stachyodes costulata","species","424980","","Stachyodes costulata","species","424980","Frasnian","","382.31","372.15","27952"
"777305","occ","","","83394","Atopostroma contextum","genus","3350","species not entered","Atopostroma","genus","3350","Pragian","","413.02","410.62","28001"
"777306","occ","","","83394","Atopostroma frustulum","genus","3350","species not entered","Atopostroma","genus","3350","Pragian","","413.02","410.62","28001"
"777307","occ","","","83394","Parallelopora florida","genus","3409","species not entered","Parallelopora","genus","3409","Pragian","","413.02","410.62","28001"
"777311","occ","","","83395","Atopostroma contextum","genus","3350","species not entered","Atopostroma","genus","3350","Pragian","","413.02","410.62","28001"
"777312","occ","","","83395","Atopostroma frustulum","genus","3350","species not entered","Atopostroma","genus","3350","Pragian","","413.02","410.62","28001"
"777313","occ","","","83395","Parallelopora florida","genus","3409","species not entered","Parallelopora","genus","3409","Pragian","","413.02","410.62","28001"
"777335","occ","","","83397","Atopostroma contextum","genus","3350","species not entered","Atopostroma","genus","3350","Pragian","","413.02","410.62","28001"
"777338","occ","","","83398","Atopostroma contextum","genus","3350","species not entered","Atopostroma","genus","3350","Pragian","","413.02","410.62","28001"
"777339","occ","","","83398","Atopostroma frustulum","genus","3350","species not entered","Atopostroma","genus","3350","Pragian","","413.02","410.62","28001"
"777340","occ","","","83398","Parallelopora florida","genus","3409","species not entered","Parallelopora","genus","3409","Pragian","","413.02","410.62","28001"
"777347","occ","","","83399","Atopostroma frustulum","genus","3350","species not entered","Atopostroma","genus","3350","Pragian","","413.02","410.62","28001"
"777348","occ","","","83399","Parallelopora florida","genus","3409","species not entered","Parallelopora","genus","3409","Pragian","","413.02","410.62","28001"
"777352","occ","","","83400","Atopostroma frustulum","genus","3350","species not entered","Atopostroma","genus","3350","Pragian","","413.02","410.62","28001"
"777353","occ","","","83400","Parallelopora florida","genus","3409","species not entered","Parallelopora","genus","3409","Pragian","","413.02","410.62","28001"
"777689","occ","","","83469","Atopostroma frustulum","genus","3350","species not entered","Atopostroma","genus","3350","Pragian","","413.02","410.62","28001"
"778100","occ","","","83547","Stachyodes costulata","species","424980","","Stachyodes costulata","species","424980","Frasnian","","382.31","372.15","28028"
"778101","occ","","","83547","Stachyodes spongiosa","genus","3436","species not entered","Stachyodes","genus","3436","Frasnian","","382.31","372.15","28028"
"778103","occ","","","83547","Stachyodes jonelrayi","species","131809","","Stachyodes jonelrayi","species","131809","Frasnian","","382.31","372.15","28028"
"778111","occ","","","83548","Stachyodes jonelrayi n. sp.","species","131809","","Stachyodes jonelrayi","species","131809","Frasnian","","382.31","372.15","28028"
"778126","occ","","","83549","Stachyodes spongiosa","genus","3436","species not entered","Stachyodes","genus","3436","Frasnian","","382.31","372.15","28028"
"778128","occ","","","83549","Stachyodes jonelrayi","species","131809","","Stachyodes jonelrayi","species","131809","Frasnian","","382.31","372.15","28028"
"779336","occ","","","83799","Parallelopora cf. dartingtonensis","genus","3409","species not entered","Parallelopora","genus","3409","Frasnian","","382.31","372.15","28144"
"779337","occ","","","83799","? Syringostroma confertum","genus","3449","species not entered","Syringostroma","genus","3449","Frasnian","","382.31","372.15","28144"
"779933","occ","","","83914","Stachyodes radiata","species","424979","","Stachyodes radiata","species","424979","Late Givetian","","383.4","382.31","28111"
"779934","occ","","","83914","? Parallelopora campbelli","genus","3409","species not entered","Parallelopora","genus","3409","Late Givetian","","383.4","382.31","28111"
"780035","occ","","","83918","Stachyodes costulata","species","424980","","Stachyodes costulata","species","424980","Early Frasnian","","382.31","379","28111"
"780459","occ","","","83974","Stachyodes costulata","species","424980","","Stachyodes costulata","species","424980","Frasnian","","382.31","372.15","28133"
"780465","occ","","","83975","Stachyodes costulata","species","424980","","Stachyodes costulata","species","424980","Frasnian","","382.31","372.15","28133"
"780475","occ","","","83976","Stachyodes costulata","species","424980","","Stachyodes costulata","species","424980","Frasnian","","382.31","372.15","28133"
"780479","occ","","","83976","Stachyodes sp.","genus","3436","","Stachyodes","genus","3436","Frasnian","","382.31","372.15","28133"
"780490","occ","","","83977","Stachyodes sp.","genus","3436","","Stachyodes","genus","3436","Frasnian","","382.31","372.15","28133"
"780499","occ","","","83978","Stachyodes sp.","genus","3436","","Stachyodes","genus","3436","Givetian","Frasnian","387.95","372.15","28134"
"780573","occ","","","83819","? Syringostroma confertum","genus","3449","species not entered","Syringostroma","genus","3449","Frasnian","","382.31","372.15","28144"
"780595","occ","","","84003","? Syringostroma confertum","genus","3449","species not entered","Syringostroma","genus","3449","Frasnian","","382.31","372.15","28144"
"780717","occ","","","84033","Atopostroma distans","genus","3350","species not entered","Atopostroma","genus","3350","Emsian","","410.62","393.47","28152"
"780964","occ","","","84085","Atopostroma distans","genus","3350","species not entered","Atopostroma","genus","3350","Emsian","","410.62","393.47","28152"
"781868","occ","","","84228","Atopostroma distans","genus","3350","species not entered","Atopostroma","genus","3350","Late Emsian","","399.5","393.47","28152"
"781871","occ","","","84230","Habrostroma proxilaminatum","genus","3385","species not entered","Habrostroma","genus","3385","Emsian","","410.62","393.47","28152"
"781904","occ","","","84235","Parallelopora campbelli","genus","3409","species not entered","Parallelopora","genus","3409","Late Emsian","","399.5","393.47","28152"
"781906","occ","","","84235","Habrostroma proxilaminatum","genus","3385","species not entered","Habrostroma","genus","3385","Late Emsian","","399.5","393.47","28152"
"782280","occ","","","84298","Parallelopora sp.","genus","3409","","Parallelopora","genus","3409","Eifelian","Givetian","393.47","382.31","28245"
"782335","occ","","","84302","Stachyodes sp.","genus","3436","","Stachyodes","genus","3436","Givetian","Frasnian","387.95","372.15","28249"
"782389","occ","","","84312","Syringostroma sanduskyense","genus","3449","species not entered","Syringostroma","genus","3449","Eifelian","","393.47","387.95","28257"
"782407","occ","","","84320","Parallelopora pellucida","genus","3409","species not entered","Parallelopora","genus","3409","Eifelian","","393.47","387.95","28257"
"782412","occ","","","84321","Syringostroma sanduskyense","genus","3449","species not entered","Syringostroma","genus","3449","Givetian","","387.95","382.31","28257"
"782416","occ","","","84323","Parallelopora ostiolata","species","424978","","Parallelopora ostiolata","species","424978","Givetian","","387.95","382.31","28257"
"782513","occ","","","84330","Stachyodes radiata","species","424979","","Stachyodes radiata","species","424979","Givetian","","387.95","382.31","28261"
"782564","occ","","","84336","Parallelopora sp.","genus","3409","","Parallelopora","genus","3409","Late Givetian","","383.4","382.31","28266"
"782852","occ","","","84367","Stachyodes sp.","genus","3436","","Stachyodes","genus","3436","Late Frasnian","","375.2","372.15","28266"
"782909","occ","","","84376","Coenostroma rarum n. sp.","species","134182","","Coenostroma rarum","species","134182","Early Famennian","","372.15","368.5","28276"
"782936","occ","","","84378","Stachyodes glubokensis","genus","3436","species not entered","Stachyodes","genus","3436","Late Frasnian","","375.2","372.15","28277"
"783123","occ","","","84383","Parallelopora dartingtonensis","genus","3409","species not entered","Parallelopora","genus","3409","Early Frasnian","","382.31","379","28277"
"783173","occ","","","84384","Syringostroma salairense","genus","3449","species not entered","Syringostroma","genus","3449","Givetian","","387.95","382.31","28277"
"783209","occ","","","82666","Stachyodes sp.","genus","3436","","Stachyodes","genus","3436","Givetian","","387.95","382.31","27802"
"783307","occ","","","84389","Stachyodes costulata","species","424980","","Stachyodes costulata","species","424980","Frasnian","","382.31","372.15","28280"
"783316","occ","","","84390","Syringostroma cf. perfuscum","genus","3449","species not entered","Syringostroma","genus","3449","Frasnian","","382.31","372.15","28280"
"783317","occ","","","84390","? Syringostroma sp.","genus","3449","","Syringostroma","genus","3449","Frasnian","","382.31","372.15","28280"
"783320","occ","","","84390","Stachyodes costulata","species","424980","","Stachyodes costulata","species","424980","Frasnian","","382.31","372.15","28280"
"783328","occ","","","84391","Syringostroma cf. perfuscum","genus","3449","species not entered","Syringostroma","genus","3449","Frasnian","","382.31","372.15","28280"
"783329","occ","","","84391","? Syringostroma sp.","genus","3449","","Syringostroma","genus","3449","Frasnian","","382.31","372.15","28280"
"783330","occ","","","84391","Stachyodes costulata","species","424980","","Stachyodes costulata","species","424980","Frasnian","","382.31","372.15","28280"
"783336","occ","","","84392","? Syringostroma sp.","genus","3449","","Syringostroma","genus","3449","Frasnian","","382.31","372.15","28280"
"783337","occ","","","84392","Stachyodes costulata","species","424980","","Stachyodes costulata","species","424980","Frasnian","","382.31","372.15","28280"
"784948","occ","","","84631","Atopostroma sp.","genus","3350","","Atopostroma","genus","3350","Givetian","","387.95","382.31","25300"
"784951","occ","","","84631","Stachyodes verticillata","genus","3436","species not entered","Stachyodes","genus","3436","Givetian","","387.95","382.31","25300"
"784952","occ","","","84631","Stachyodes sp.","genus","3436","","Stachyodes","genus","3436","Givetian","","387.95","382.31","25300"
"784961","occ","","","84632","Stachyodes sp.","genus","3436","","Stachyodes","genus","3436","Givetian","","387.95","382.31","25300"
"784974","occ","","","84634","Stachyodes australe","genus","3436","species not entered","Stachyodes","genus","3436","Frasnian","","382.31","372.15","25300"
"784986","occ","","","84635","Stachyodes australe","genus","3436","species not entered","Stachyodes","genus","3436","Frasnian","Famennian","382.31","358.86","25300"
"785113","occ","","","84637","Stachyodes sp.","genus","3436","","Stachyodes","genus","3436","Givetian","","387.95","382.31","25300"
"785116","occ","","","84638","Stachyodes cf. verticillata","genus","3436","species not entered","Stachyodes","genus","3436","Givetian","","387.95","382.31","25300"
"785168","occ","","","84644","Stachyodes verticillata","genus","3436","species not entered","Stachyodes","genus","3436","Givetian","","387.95","382.31","25300"
"785218","occ","","","84648","Stachyodes sp.","genus","3436","","Stachyodes","genus","3436","Givetian","","387.95","382.31","25300"
"785229","occ","","","84650","? Stachyodes sp.","genus","3436","","Stachyodes","genus","3436","Givetian","Frasnian","387.95","372.15","25300"
"785400","occ","","","84660","Stachyodes australe","genus","3436","species not entered","Stachyodes","genus","3436","Frasnian","","382.31","372.15","25300"
"785481","occ","","","84662","Stachyodes sp.","genus","3436","","Stachyodes","genus","3436","Frasnian","","382.31","372.15","25300"
"785501","occ","","","84662","Stachyodes australe","genus","3436","species not entered","Stachyodes","genus","3436","Frasnian","","382.31","372.15","25300"
"785528","occ","","","84664","Stachyodes verticillata","genus","3436","species not entered","Stachyodes","genus","3436","Givetian","","387.95","382.31","25300"
"785531","occ","","","84664","Stachyodes dendroides","genus","3436","species not entered","Stachyodes","genus","3436","Givetian","","387.95","382.31","25300"
"785566","occ","","","84668","Stachyodes ex gr. verticillata","genus","3436","species not entered","Stachyodes","genus","3436","Givetian","","387.95","382.31","25300"
"785615","occ","","","84671","Stachyodes sp.","genus","3436","","Stachyodes","genus","3436","Frasnian","","382.31","372.15","25300"
"785616","occ","","","84671","Stachyodes australe","genus","3436","species not entered","Stachyodes","genus","3436","Frasnian","","382.31","372.15","25300"
"785631","occ","","","84672","Stachyodes australe","genus","3436","species not entered","Stachyodes","genus","3436","Frasnian","","382.31","372.15","25300"
"785632","occ","","","84672","Stachyodes ? costulata","species","424980","","Stachyodes costulata","species","424980","Frasnian","","382.31","372.15","25300"
"785725","occ","","","84704","? Stachyodes sp.","genus","3436","","Stachyodes","genus","3436","Frasnian","","382.31","372.15","25300"
"785739","occ","","","84705","Stachyodes australe","genus","3436","species not entered","Stachyodes","genus","3436","Frasnian","","382.31","372.15","25300"
"785778","occ","","","74993","? Habrostroma sp.","genus","3385","","Habrostroma","genus","3385","Givetian","","387.95","382.31","25300"
"785779","occ","","","74993","? Stachyodes sp.","genus","3436","","Stachyodes","genus","3436","Givetian","","387.95","382.31","25300"
"785798","occ","","","74993","Stachyodes cf. verticillata","genus","3436","species not entered","Stachyodes","genus","3436","Givetian","","387.95","382.31","25300"
"785800","occ","","","74993","Habrostroma paucicanaliculata","genus","3385","species not entered","Habrostroma","genus","3385","Givetian","","387.95","382.31","25300"
"785803","occ","","","74993","Stachyodes costulata","species","424980","","Stachyodes costulata","species","424980","Givetian","","387.95","382.31","25300"
"785811","occ","","","74993","Habrostroma incrustans","genus","3385","species not entered","Habrostroma","genus","3385","Givetian","","387.95","382.31","25300"
"785816","occ","","","74993","Stachyodes ? australe","genus","3436","species not entered","Stachyodes","genus","3436","Givetian","","387.95","382.31","25300"
"1001454","occ","","","121774","Parallelostroma foveolatum","species","208201","","Parallelostroma foveolatum","species","208201","Pragian","","413.02","410.62","38788"
"1001495","occ","","","121804","Habrostroma centrotum","species","208200","","Habrostroma centrotum","species","208200","Pragian","","413.02","410.62","38788"
"1001507","occ","","","121807","Parallelostroma foveolatum","species","208201","","Parallelostroma foveolatum","species","208201","Pragian","","413.02","410.62","38788"
"1001519","occ","","","121812","Habrostroma centrotum","species","208200","","Habrostroma centrotum","species","208200","Pragian","","413.02","410.62","38788"
"1173336","occ","","","151290","Coenostroma aff. pustulifera","species","279111","","Coenostroma pustulifera","species","279111","Pragian","","413.02","410.62","48276"
"1173337","occ","","","151290","Habrostroma centrotum","species","208200","","Habrostroma centrotum","species","208200","Pragian","","413.02","410.62","48276"
"1215465","occ","","","158156","Stachyodes sp.","genus","3436","","Stachyodes","genus","3436","Middle Frasnian","","379","375.2","51941"
"1215491","occ","","","158156","Stachyodes australe","genus","3436","species not entered","Stachyodes","genus","3436","Middle Frasnian","","379","375.2","51941"
"1227851","occ","","","161458","Stachyodes sp.","genus","3436","","Stachyodes","genus","3436","Gedinnine","","419.62","413.02","52608"
"1264087","occ","","","143798","Stachyodes sp.","genus","3436","","Stachyodes","genus","3436","Givetian","","387.95","382.31","54890"
"1264851","occ","","","168019","Syringostroma barretti n. sp.","species","319091","","Parallelostroma microporum","species","319092","Lochkovian","","419.62","413.02","55019"
"1268467","occ","","","24210","Stachyodes sp.","genus","3436","","Stachyodes","genus","3436","Eifelian","","393.47","387.95","55178"
"1273350","occ","","","169226","Stachyodes singularis","genus","3436","species not entered","Stachyodes","genus","3436","Emsian","Frasnian","410.62","372.15","55262"
"1273351","occ","","","169226","Stachyodes cf. singularis","genus","3436","species not entered","Stachyodes","genus","3436","Emsian","Frasnian","410.62","372.15","55262"
"1273352","occ","","","169226","Stachyodes aff. insignis","genus","3436","species not entered","Stachyodes","genus","3436","Emsian","Frasnian","410.62","372.15","55262"
"1273353","occ","","","169226","Stachyodes cf. incignis","genus","3436","species not entered","Stachyodes","genus","3436","Emsian","Frasnian","410.62","372.15","55262"
"1273354","occ","","","169226","Stachyodes cf. inexplorata","genus","3436","species not entered","Stachyodes","genus","3436","Emsian","Frasnian","410.62","372.15","55262"
"1273355","occ","","","169226","Stachyodes ex gr. caespitosa","genus","3436","species not entered","Stachyodes","genus","3436","Emsian","Frasnian","410.62","372.15","55262"
"1311822","occ","","","176104","Stachyodes sp.","genus","3436","","Stachyodes","genus","3436","Early Givetian","Middle Givetian","387.95","383.4","57802"
"1311829","occ","","","176105","Stachyodes sp.","genus","3436","","Stachyodes","genus","3436","Early Givetian","Middle Givetian","387.95","383.4","57802"
"1311837","occ","","","176107","Stachyodes sp.","genus","3436","","Stachyodes","genus","3436","Early Givetian","Middle Givetian","387.95","383.4","57802"
"1311843","occ","","","176108","Stachyodes sp.","genus","3436","","Stachyodes","genus","3436","Early Givetian","Middle Givetian","387.95","383.4","57802"
"1311868","occ","","","176113","Stachyodes sp.","genus","3436","","Stachyodes","genus","3436","Givetian","","387.95","382.31","57802"
"1311874","occ","","","176114","Stachyodes sp.","genus","3436","","Stachyodes","genus","3436","Givetian","","387.95","382.31","57802"
"1311886","occ","","","176117","Stachyodes sp.","genus","3436","","Stachyodes","genus","3436","Givetian","","387.95","382.31","57802"
"1311888","occ","","","176118","Stachyodes sp.","genus","3436","","Stachyodes","genus","3436","Givetian","","387.95","382.31","57802"
"1313000","occ","","","176209","Stachyodes sp.","genus","3436","","Stachyodes","genus","3436","Middle Givetian","","385.9","383.4","57802"
"1357304","occ","","","184353","Stachyodes radiata","species","424979","","Stachyodes radiata","species","424979","Late Givetian","","383.4","382.31","61763"
"1357305","occ","","","184353","Stachyodes verticillata","genus","3436","species not entered","Stachyodes","genus","3436","Late Givetian","","383.4","382.31","61763"
"1392957","occ","","","191830","Stachyodes sp.","genus","3436","","Stachyodes","genus","3436","Late Frasnian","","375.2","372.15","64726"
"1392972","occ","","","191833","Stachyodes sp.","genus","3436","","Stachyodes","genus","3436","Late Frasnian","","375.2","372.15","64726"
"1415174","occ","","","195602","Parallelostroma typicum","genus","3410","species not entered","Parallelostroma","genus","3410","Paadla","","426.7","423","66580"
"1415181","occ","","","195603","Parallelostroma typicum","genus","3410","species not entered","Parallelostroma","genus","3410","Paadla","","426.7","423","66581"
"1420527","occ","","","197086","Stachyodes sp.","genus","3436","","Stachyodes","genus","3436","Early Givetian","","387.95","385.9","67154"
"1420530","occ","","","197087","Stachyodes (Keega) jonelrayi","species","131809","variant of","Stachyodes jonelrayi","species","131809","Late Givetian","","383.4","382.31","67154"
"1420537","occ","","","197087","Stachyodes (Stachyodes) sp.","genus","3436","species not entered","Stachyodes","genus","3436","Late Givetian","","383.4","382.31","67154"
"1420783","occ","","","197173","Stachyodes sp.","genus","3436","","Stachyodes","genus","3436","Frasnian","","382.31","372.15","67194"
"1420785","occ","","","197174","Stachyodes sp.","genus","3436","","Stachyodes","genus","3436","Frasnian","","382.31","372.15","67194"
"1481609","occ","","","206325","Parallelostroma malinovezyense","genus","3410","species not entered","Parallelostroma","genus","3410","Wenlock","","432.9","426.7","50379"
"1521367","occ","","","212695","Stachyodes radiata","species","424979","","Stachyodes radiata","species","424979","Middle Givetian","","385.9","383.4","73462"
"1521368","occ","","","212695","Stachyodes costulata","species","424980","","Stachyodes costulata","species","424980","Middle Givetian","","385.9","383.4","73462"
"1521369","occ","","","212695","Parallelopora ostiolata","species","424978","","Parallelopora ostiolata","species","424978","Middle Givetian","","385.9","383.4","73462"
"1521370","occ","","","212695","Habrostroma laminosum","genus","3385","species not entered","Habrostroma","genus","3385","Middle Givetian","","385.9","383.4","73462"
"1542873","occ","","","217135","Stachyodes verticillata","genus","3436","species not entered","Stachyodes","genus","3436","Eifelian","","393.47","387.95","62514"
"1567444","occ","","","221398","Stachyodes sp.","genus","3436","","Stachyodes","genus","3436","Early Givetian","Middle Givetian","387.95","383.4","77536"
"1567449","occ","","","221399","Stachyodes ex gr. dendroidea","species","440593","","Stachyodes dendroidea","species","440593","Early Givetian","Middle Givetian","387.95","383.4","77536"
"1567452","occ","","","221399","Parallelopora goldfussi","species","440590","","Parallelopora goldfussi","species","440590","Early Givetian","Middle Givetian","387.95","383.4","77536"
"1567458","occ","","","221400","Stachyodes sp.","genus","3436","","Stachyodes","genus","3436","Early Givetian","Middle Givetian","387.95","383.4","77536"
"1567468","occ","","","221400","? Habrostroma sp.","genus","3385","","Habrostroma","genus","3385","Early Givetian","Middle Givetian","387.95","383.4","77536"
"1567469","occ","","","221400","Parallelopora goldfussi","species","440590","","Parallelopora goldfussi","species","440590","Early Givetian","Middle Givetian","387.95","383.4","77536"
"1567471","occ","","","221400","Stachyodes caespitosa","genus","3436","species not entered","Stachyodes","genus","3436","Early Givetian","Middle Givetian","387.95","383.4","77536"
"1567472","occ","","","221400","Stachyodes ex gr. dendroidea","species","440593","","Stachyodes dendroidea","species","440593","Early Givetian","Middle Givetian","387.95","383.4","77536"
"1567473","occ","","","221400","Stachyodes ex gr. paralleloporoides","genus","3436","species not entered","Stachyodes","genus","3436","Early Givetian","Middle Givetian","387.95","383.4","77536"
"1607676","occ","","","227413","Stachyodes caespitosa","genus","3436","species not entered","Stachyodes","genus","3436","Early Givetian","","387.95","385.9","82839"
"1607677","occ","","","227413","Stachyodes radiata","species","424979","","Stachyodes radiata","species","424979","Early Givetian","","387.95","385.9","82839"
"1607678","occ","","","227413","Stachyodes (Stachyodes) sp.","genus","3436","species not entered","Stachyodes","genus","3436","Early Givetian","","387.95","385.9","82839"
"1608461","occ","","","227598","Stachyodes sp.","genus","3436","","Stachyodes","genus","3436","Givetian","","387.95","382.31","82840"
"1608464","occ","","","227598","Stachyodes (Sphaerostroma) crassa","genus","3436","species not entered","Stachyodes","genus","3436","Givetian","","387.95","382.31","82840"
"1608478","occ","","","227599","Stachyodes sp.","genus","3436","","Stachyodes","genus","3436","Givetian","","387.95","382.31","82840"
"1608479","occ","","","227599","Stachyodes (Sphaerostroma) crassa","genus","3436","species not entered","Stachyodes","genus","3436","Givetian","","387.95","382.31","82840"
"1608481","occ","","","227600","Stachyodes sp.","genus","3436","","Stachyodes","genus","3436","Givetian","","387.95","382.31","82840"
"1608488","occ","","","227601","Stachyodes sp.","genus","3436","","Stachyodes","genus","3436","Givetian","","387.95","382.31","82840"
"1608494","occ","","","227602","Stachyodes sp.","genus","3436","","Stachyodes","genus","3436","Givetian","","387.95","382.31","82840"
"1608529","occ","","","227605","Stachyodes sp.","genus","3436","","Stachyodes","genus","3436","Givetian","","387.95","382.31","82840"
"1608533","occ","","","227606","Stachyodes sp.","genus","3436","","Stachyodes","genus","3436","Givetian","","387.95","382.31","82840"
"1608540","occ","","","227607","Stachyodes sp.","genus","3436","","Stachyodes","genus","3436","Givetian","","387.95","382.31","82840"
"1608549","occ","","","227608","Stachyodes sp.","genus","3436","","Stachyodes","genus","3436","Givetian","","387.95","382.31","82840"
"1608658","occ","","","227626","Stachyodes sp.","genus","3436","","Stachyodes","genus","3436","Frasnian","","382.31","372.15","82840"
"1608664","occ","","","227628","Stachyodes sp.","genus","3436","","Stachyodes","genus","3436","Givetian","","387.95","382.31","82840"
"1608670","occ","","","227627","Stachyodes sp.","genus","3436","","Stachyodes","genus","3436","Givetian","","387.95","382.31","82840"
"1609992","occ","","","227713","Stachyodes sp.","genus","3436","","Stachyodes","genus","3436","Frasnian","","382.31","372.15","82840"
"1610058","occ","","","227717","Stachyodes sp.","genus","3436","","Stachyodes","genus","3436","Frasnian","","382.31","372.15","82840"
"1610086","occ","","","227719","Stachyodes (Stachyodes) sp.","genus","3436","species not entered","Stachyodes","genus","3436","Frasnian","","382.31","372.15","82840"
"1640107","occ","","","232517","Stachyodes sp.","genus","3436","","Stachyodes","genus","3436","Frasnian","","382.31","372.15","86703"
"1645173","occ","","","233248","Syringostroma foveolatum n. sp.","species","482518","","Syringostroma foveolatum","species","482518","Pragian","","413.02","410.62","55020"
